eg_property_id,first_quarter,last_quarter,n_first,n_last,cosine_first_vs_last,drift
9a0043fd4258a1286db1e253ca591662b3aac849da12d0d4f67e08b8f59be65f,2023Q1,2025Q4,81,3,0.8268479108810425,0.17315208911895752
fa014137b3ea9af6a90c0a86a1d099e46f7e56d6eb33db1ad1ec4bdac68c3caa,2023Q1,2026Q1,319,5,0.8413608074188232,0.15863919258117676
ff26cdda236b233f7c481f0e896814075ac6bed335e162e0ff01d5491343f838,2023Q1,2026Q1,237,8,0.8580732345581055,0.14192676544189453
db38b19b897dbece3e34919c662b3fd66d23b615395d11fb69264dd3a9b17723,2023Q1,2026Q1,269,7,0.861400306224823,0.138599693775177
e52d67a758ce4ad0229aacc97e5dfe89984c384c51a70208f9e0cc65c9cd4676,2023Q1,2026Q1,25,4,0.863764762878418,0.13623523712158203
3216b1b7885bffdb336265a8de7322ba0cd477cfb3d4f99d19acf488f76a1941,2023Q1,2026Q1,253,13,0.888301432132721,0.11169856786727905
7d027ef72c02eaa17af3c993fd5dba50d17b41a6280389a46c13c7e2c32a5b06,2023Q1,2026Q1,315,8,0.8935666680335999,0.10643333196640015
